,Long URL,Tags
0,https://ckhope.github.io/videoct/9b/181223/e/m/e/linkFCLbHvvEoIpyYSpxxx11.html,181223videoct
1,https://ckhope.github.io/videoct/9b/181223/e/z/r/linkFrXzYkFYhzgEgWyxxx11.html,181223videoct
2,https://ckhope.github.io/videoct/9b/181223/f/d/y/linkVqBuVMJNhKLELEUxxx11.html,181223videoct
3,https://ckhope.github.io/videoct/9b/181223/j/a/u/linkQPJHbkuJbdqYqGhxxx11.html,181223videoct
4,https://ckhope.github.io/videoct/9b/181223/j/q/l/linksfBGYnbMuQKpNRfxxx11.html,181223videoct
5,https://ckhope.github.io/videoct/9b/181223/l/h/o/linkLjowzUeadNHXTRUxxx11.html,181223videoct
6,https://ckhope.github.io/videoct/9b/181223/u/j/i/linkNmuJzRVoosjRjJHxxx11.html,181223videoct
7,https://ckhope.github.io/videoct/9b/181223/v/k/h/linkuKfqHeAyiMyozeAxxx11.html,181223videoct
8,https://ckhope.github.io/videoct/9b/181223/x/n/g/linkGengEGiUEJHSQPwxxx11.html,181223videoct
9,https://ckhope.github.io/videoct/9b/181223/z/t/z/linkBLLTORfkFaJNDnYxxx11.html,181223videoct
10,https://ckhope.github.io/videoct/ctbh/181223/e/g/z/linkeAoBPKXGodymdpLxxx11.html,181223videoct
11,https://ckhope.github.io/videoct/ctbh/181223/e/s/q/linkdHOqXoSvhrtrHNCxxx11.html,181223videoct
12,https://ckhope.github.io/videoct/ctbh/181223/h/i/u/linkCqFGVMPWHlnCaLNxxx11.html,181223videoct
13,https://ckhope.github.io/videoct/ctbh/181223/h/x/r/linkdQIwCQXgVtvmUfzxxx11.html,181223videoct
14,https://ckhope.github.io/videoct/ctbh/181223/j/m/l/linkEmhkrjlzSilbDspxxx11.html,181223videoct
15,https://ckhope.github.io/videoct/ctbh/181223/t/q/n/linkhRObTfQLbpvtEEyxxx11.html,181223videoct
16,https://ckhope.github.io/videoct/ctbh/181223/u/v/b/linkqHhqoFCdJxePmcBxxx11.html,181223videoct
17,https://ckhope.github.io/videoct/ctbh/181223/v/k/n/linkNJpngwPbQMBAzgvxxx11.html,181223videoct
18,https://ckhope.github.io/videoct/ctbh/181223/v/o/o/linkYcNnpIizVgHxZooxxx11.html,181223videoct
19,https://ckhope.github.io/videoct/ctbh/181223/z/r/g/linkBuaydkjUoIATGtSxxx11.html,181223videoct
20,https://ckhope.github.io/videoct/ctha/181223/a/j/c/linkjEPNpAJeqUPJoGyxxx11.html,181223videoct
21,https://ckhope.github.io/videoct/ctha/181223/b/x/p/linkuHQddzVpWIGbDkuxxx11.html,181223videoct
22,https://ckhope.github.io/videoct/ctha/181223/c/a/s/linkhDwqrqRTbeAecWfxxx11.html,181223videoct
23,https://ckhope.github.io/videoct/ctha/181223/d/e/f/linkClYMxyypEyNXvAixxx11.html,181223videoct
24,https://ckhope.github.io/videoct/ctha/181223/d/q/f/linkLqCvQevwAbIAopUxxx11.html,181223videoct
25,https://ckhope.github.io/videoct/ctha/181223/p/g/n/linkeYrJhfwqmoVBGUuxxx11.html,181223videoct
26,https://ckhope.github.io/videoct/ctha/181223/p/z/w/linkJzNorneYEZkxmZcxxx11.html,181223videoct
27,https://ckhope.github.io/videoct/ctha/181223/s/w/d/linkAPMTXSgQhVAtGvVxxx11.html,181223videoct
28,https://ckhope.github.io/videoct/ctha/181223/t/s/w/linkvwevuTdpibvHpOExxx11.html,181223videoct
29,https://ckhope.github.io/videoct/ctha/181223/u/i/p/linkXCDwJaDQUlGsSQpxxx11.html,181223videoct
30,https://ckhope.github.io/videoct/ctth/181223/f/s/d/linkSlskcGMIcWqKHUgxxx11.html,181223videoct
31,https://ckhope.github.io/videoct/ctth/181223/k/q/c/linkoiHkWffhcoqmwnhxxx11.html,181223videoct
32,https://ckhope.github.io/videoct/ctth/181223/l/n/p/linkYkIZKXjbBTtQoBmxxx11.html,181223videoct
33,https://ckhope.github.io/videoct/ctth/181223/p/i/k/linkoQKHaMrpkQChavrxxx11.html,181223videoct
34,https://ckhope.github.io/videoct/ctth/181223/q/b/r/linkkSKXuXkXsSMJfGWxxx11.html,181223videoct
35,https://ckhope.github.io/videoct/ctth/181223/t/f/l/linkuwfULthVXrHQzRgxxx11.html,181223videoct
36,https://ckhope.github.io/videoct/ctth/181223/t/h/d/linkkXDhtrJonWkWrLNxxx11.html,181223videoct
37,https://ckhope.github.io/videoct/ctth/181223/v/c/r/linkZjjOkDBuFAToPJvxxx11.html,181223videoct
38,https://ckhope.github.io/videoct/ctth/181223/w/u/w/linkrDiBlTZlwClRKfJxxx11.html,181223videoct
39,https://ckhope.github.io/videoct/ctth/181223/x/f/g/linkSItGbJkdUFXSWdmxxx11.html,181223videoct
40,https://ckhope.github.io/videoct/kt1/181223/e/a/p/linkPFaObyRHnpoiTGexxx11.html,181223videoct
41,https://ckhope.github.io/videoct/kt1/181223/f/m/o/linkUbdWChxtAumbQgoxxx11.html,181223videoct
42,https://ckhope.github.io/videoct/kt1/181223/g/p/r/linkHQIbcBJFOGWycVyxxx11.html,181223videoct
43,https://ckhope.github.io/videoct/kt1/181223/i/w/x/linkoERbieYkgYdDHlexxx11.html,181223videoct
44,https://ckhope.github.io/videoct/kt1/181223/j/g/a/linkkmwUMMloqTEdFhbxxx11.html,181223videoct
45,https://ckhope.github.io/videoct/kt1/181223/l/q/v/linkByJibNQnmArfvmRxxx11.html,181223videoct
46,https://ckhope.github.io/videoct/kt1/181223/m/y/r/linkOYRufTKDYlDULYIxxx11.html,181223videoct
47,https://ckhope.github.io/videoct/kt1/181223/n/h/e/linkdEYkhJthhaQMsACxxx11.html,181223videoct
48,https://ckhope.github.io/videoct/kt1/181223/o/y/w/linkiXGaERLuEeJFaAVxxx11.html,181223videoct
49,https://ckhope.github.io/videoct/kt1/181223/p/n/x/linkMdikdJcBKhEyyAfxxx11.html,181223videoct
