,Unnamed: 0,Long URL,Tags,Short URL
0,0,https://ckhope.github.io/videoct/9b/161123/a/k/i/linkjuBySMXTuJYsUvnxxx11.html,161123videoct,https://j.051215.xyz/cUS7qq
1,1,https://ckhope.github.io/videoct/9b/161123/c/a/r/linkVfpyytBOqmgEWulxxx11.html,161123videoct,https://b.073244.xyz/609M9Y
2,2,https://ckhope.github.io/videoct/9b/161123/c/x/x/linkrntrOyQgNKSFQKMxxx11.html,161123videoct,https://3.112931.xyz/ZC12VC
3,3,https://ckhope.github.io/videoct/9b/161123/g/q/h/linkudyLcIzMLXCNfcCxxx11.html,161123videoct,https://s.130592.xyz/OAtseu
4,4,https://ckhope.github.io/videoct/9b/161123/i/s/z/linkpujwhIboCVKmgOmxxx11.html,161123videoct,https://s.131291.xyz/q1qF7d
5,5,https://ckhope.github.io/videoct/9b/161123/l/r/f/linkMSPgaUwrthjgqngxxx11.html,161123videoct,https://z.135168.xyz/PNc8dZ
6,6,https://ckhope.github.io/videoct/9b/161123/l/s/h/linkXTWioLcSWbejhyhxxx11.html,161123videoct,https://o.250499.xyz/PY2rdC
7,7,https://ckhope.github.io/videoct/9b/161123/m/e/o/linkWMlbLXcxhpPSLFXxxx11.html,161123videoct,https://w.329790.xyz/GI5j7H
8,8,https://ckhope.github.io/videoct/9b/161123/q/k/t/linkbIVXNhXjBbotIVGxxx11.html,161123videoct,https://f.340137.xyz/1WAWNS
9,9,https://ckhope.github.io/videoct/9b/161123/w/e/d/linkYAHLQUkTtIyMwsyxxx11.html,161123videoct,https://h.369811.xyz/AAygtP
10,10,https://ckhope.github.io/videoct/ctbh/161123/a/i/g/linkMgAXBDqnXAdbDzzxxx11.html,161123videoct,https://d.477140.xyz/xQ8BrE
11,11,https://ckhope.github.io/videoct/ctbh/161123/b/o/u/linkNWbkubeEMEZBpOpxxx11.html,161123videoct,"Error: 504 - <html>
<head><title>504 Gateway Time-out</title></head>
<body>
<center><h1>504 Gateway Time-out</h1></center>
<hr><center>openresty</center>
</body>
</html>
"
12,12,https://ckhope.github.io/videoct/ctbh/161123/g/p/e/linkahXKMTkAjXpxfHdxxx11.html,161123videoct,https://d.738586.xyz/xGUvQT
13,13,https://ckhope.github.io/videoct/ctbh/161123/i/e/r/linkLWVMLlZYkbBzbOuxxx11.html,161123videoct,https://k.967884.xyz/sddwyi
14,14,https://ckhope.github.io/videoct/ctbh/161123/m/m/n/linktgUkpphzjfQwKKrxxx11.html,161123videoct,https://g.051215.xyz/ItiypN
15,15,https://ckhope.github.io/videoct/ctbh/161123/s/j/i/linkrgxdxMQpjzQPbsoxxx11.html,161123videoct,https://a.073244.xyz/0PM3xk
16,16,https://ckhope.github.io/videoct/ctbh/161123/t/t/g/linkTRfEJcNMIMODTKVxxx11.html,161123videoct,https://i.112931.xyz/pfypSY
17,17,https://ckhope.github.io/videoct/ctbh/161123/v/m/g/linkmxKiXbonCcNxjixxxx11.html,161123videoct,https://o.130592.xyz/sY4ekb
18,18,https://ckhope.github.io/videoct/ctbh/161123/w/y/h/linkGXeRMzGUbSjjJnexxx11.html,161123videoct,https://q.131291.xyz/Nd8x9Z
19,19,https://ckhope.github.io/videoct/ctbh/161123/x/s/m/linkMgjyRucCjDPqEIHxxx11.html,161123videoct,https://o.135168.xyz/dasdog
20,20,https://ckhope.github.io/videoct/ctha/161123/j/h/v/linkxNFKhiWuRDSJouTxxx11.html,161123videoct,https://f.250499.xyz/rVH6PM
21,21,https://ckhope.github.io/videoct/ctha/161123/j/k/v/linkUgcafEHPLErzjFWxxx11.html,161123videoct,https://l.329790.xyz/FIpeXn
22,22,https://ckhope.github.io/videoct/ctha/161123/k/i/i/linkMTrhlvNaMGxVBlLxxx11.html,161123videoct,https://g.340137.xyz/TFGHMh
23,23,https://ckhope.github.io/videoct/ctha/161123/k/u/x/linkpfYlyGKWWXkxQgaxxx11.html,161123videoct,https://y.369811.xyz/gNf4RE
24,24,https://ckhope.github.io/videoct/ctha/161123/m/a/k/linkAAMvYAHVjpJBiwdxxx11.html,161123videoct,https://k.477140.xyz/iz1nfY
25,25,https://ckhope.github.io/videoct/ctha/161123/o/e/l/linktbquesZMlOzkqnexxx11.html,161123videoct,https://h.587079.xyz/903dWV
26,26,https://ckhope.github.io/videoct/ctha/161123/r/d/s/linknrcFzxEMcUXLOpAxxx11.html,161123videoct,https://v.738586.xyz/TYCAYw
27,27,https://ckhope.github.io/videoct/ctha/161123/r/j/i/linkRKvGKSncQKChWOnxxx11.html,161123videoct,https://s.967884.xyz/SJb0N0
28,28,https://ckhope.github.io/videoct/ctha/161123/v/t/m/linkRDCQnSFpCmXjIWGxxx11.html,161123videoct,https://i.051215.xyz/0f3EV6
29,29,https://ckhope.github.io/videoct/ctha/161123/z/t/i/linkedIJvcketFKUIfOxxx11.html,161123videoct,https://s.073244.xyz/U0RqUN
30,30,https://ckhope.github.io/videoct/ctth/161123/b/n/n/linklDEAtxsbYDaqfavxxx11.html,161123videoct,https://r.112931.xyz/hykNq6
31,31,https://ckhope.github.io/videoct/ctth/161123/b/y/y/linkLBLYQwxpJcrMGEuxxx11.html,161123videoct,https://t.130592.xyz/ferDCo
32,32,https://ckhope.github.io/videoct/ctth/161123/e/h/b/linkjJzccadEPLTaVZkxxx11.html,161123videoct,https://c.131291.xyz/snbk4X
33,33,https://ckhope.github.io/videoct/ctth/161123/h/q/d/linkpOOGoTSewAaNTVHxxx11.html,161123videoct,https://7.135168.xyz/P8TfWu
34,34,https://ckhope.github.io/videoct/ctth/161123/j/t/t/linkoUKbLVPheLPFpLgxxx11.html,161123videoct,https://3.250499.xyz/xcVVt5
35,35,https://ckhope.github.io/videoct/ctth/161123/l/c/e/linkjCMEfzlOQgqDtWZxxx11.html,161123videoct,https://r.329790.xyz/DmUZaq
36,36,https://ckhope.github.io/videoct/ctth/161123/l/x/i/linkDAplnzbDRDWLNxmxxx11.html,161123videoct,https://m.340137.xyz/MxdgJ1
37,37,https://ckhope.github.io/videoct/ctth/161123/p/j/f/linkAwWkNfAFRQVRtzFxxx11.html,161123videoct,https://k.369811.xyz/RruP1R
38,38,https://ckhope.github.io/videoct/ctth/161123/u/f/j/linkPQcGUrLhrCRDZuPxxx11.html,161123videoct,https://w.477140.xyz/gtUuA3
39,39,https://ckhope.github.io/videoct/ctth/161123/z/h/d/linkGTBxyhfzddhbHQoxxx11.html,161123videoct,https://t.587079.xyz/azHKFG
40,40,https://ckhope.github.io/videoct/kt1/161123/c/n/y/linkMCWQoVTnwHoCXkXxxx11.html,161123videoct,https://t.738586.xyz/x5qJqv
41,41,https://ckhope.github.io/videoct/kt1/161123/d/k/i/linkYkcoRmSIaNslKdkxxx11.html,161123videoct,https://t.967884.xyz/I5jCR4
42,42,https://ckhope.github.io/videoct/kt1/161123/j/d/o/linkOUxysBZyTiqqAjVxxx11.html,161123videoct,https://7.051215.xyz/aqEFcn
43,43,https://ckhope.github.io/videoct/kt1/161123/j/i/m/linkLwkgiBMJeIAzoDHxxx11.html,161123videoct,https://z.073244.xyz/5Cg6NY
44,44,https://ckhope.github.io/videoct/kt1/161123/j/t/v/linkRyRryjmlPstkOVXxxx11.html,161123videoct,https://x.112931.xyz/q7RMpM
45,45,https://ckhope.github.io/videoct/kt1/161123/m/k/w/linkhLZabYFlyIrfcIKxxx11.html,161123videoct,https://4.130592.xyz/5gfhwF
46,46,https://ckhope.github.io/videoct/kt1/161123/p/a/e/linkVMjtgZXbcHZGnCexxx11.html,161123videoct,https://n.131291.xyz/IlpYJU
47,47,https://ckhope.github.io/videoct/kt1/161123/r/c/d/linkeUkzvecMfwnfKebxxx11.html,161123videoct,https://6.135168.xyz/6KhORZ
48,48,https://ckhope.github.io/videoct/kt1/161123/u/g/h/linkxhlpVbLFDFETJrSxxx11.html,161123videoct,https://9.250499.xyz/hxj5Zb
49,49,https://ckhope.github.io/videoct/kt1/161123/v/i/f/linkUoifVbPKxUagGibxxx11.html,161123videoct,https://l.329790.xyz/lBvcKq
