source,destination,clicks,title,description,image,favicon,consent,tags,parameters,createdAt,updatedAt,,,
pxl.to/bg07uqe,https://ckhope.github.io/videoct/kt1/140623/r/k/f/linkIHRcxpqCqtvyHXOxxx11.html,0,ýýýýýýýýýýýýýýýýýýýýý,ýýýýýýýýýýýýýýýýýýýýý,,https://ckhope.github.io/favicon.ico,FALSE,GVDCT,{},2023-06-14T17:04:32.025Z,2023-06-14T17:04:32.025Z,,,https://pxl.to/bg07uqe
pxl.to/du5hpwv,https://ckhope.github.io/videoct/kt1/140623/o/y/y/linkmhXajEWRAeLNHWtxxx11.html,0,ýýýýýýýýýýýýýýýýýýýýý,ýýýýýýýýýýýýýýýýýýýýý,,https://ckhope.github.io/favicon.ico,FALSE,GVDCT,{},2023-06-14T17:04:22.730Z,2023-06-14T17:04:22.730Z,,,https://pxl.to/du5hpwv
pxl.to/ky33nj,https://ckhope.github.io/videoct/kt1/140623/i/g/q/linkKitOjhCGstUJlljxxx11.html,0,ýýýýýýýýýýýýýýýýýýýýý,ýýýýýýýýýýýýýýýýýýýýý,,https://ckhope.github.io/favicon.ico,FALSE,GVDCT,{},2023-06-14T17:04:09.662Z,2023-06-14T17:04:09.662Z,,,https://pxl.to/ky33nj
pxl.to/lmko1xt,https://ckhope.github.io/videoct/ctth/140623/u/u/h/linkyyyWGmnkPFNieLSxxx11.html,0,ýýýýýýýýýýýýýýýýýýýýý,ýýýýýýýýýýýýýýýýýýýýý,,https://ckhope.github.io/favicon.ico,FALSE,GVDCT,{},2023-06-14T17:03:59.646Z,2023-06-14T17:03:59.646Z,,,https://pxl.to/lmko1xt
pxl.to/acf50mi,https://ckhope.github.io/videoct/ctth/140623/k/z/c/linkREkbgseDDKcVbsVxxx11.html,0,ýýýýýýýýýýýýýýýýýýýýý,ýýýýýýýýýýýýýýýýýýýýý,,https://ckhope.github.io/favicon.ico,FALSE,GVDCT,{},2023-06-14T17:03:48.797Z,2023-06-14T17:03:48.797Z,,,https://pxl.to/acf50mi
pxl.to/v29bdus,https://ckhope.github.io/videoct/ctth/140623/i/o/q/linkgbKQLhVMxjmrhIGxxx11.html,0,ýýýýýýýýýýýýýýýýýýýýý,ýýýýýýýýýýýýýýýýýýýýý,,https://ckhope.github.io/favicon.ico,FALSE,GVDCT,{},2023-06-14T17:03:37.254Z,2023-06-14T17:03:37.254Z,,,https://pxl.to/v29bdus
pxl.to/nnn5y9j,https://ckhope.github.io/videoct/ctha/140623/t/a/e/linkYHBTuzsESQVBhtZxxx11.html,0,ýýýýýýýýýýýýýýýýýýýýý,ýýýýýýýýýýýýýýýýýýýýý,,https://ckhope.github.io/favicon.ico,FALSE,GVDCT,{},2023-06-14T17:03:24.257Z,2023-06-14T17:03:24.257Z,,,https://pxl.to/nnn5y9j
pxl.to/lqh8bon,https://ckhope.github.io/videoct/ctha/140623/m/w/j/linkplFXJuJEhEmAFToxxx11.html,0,ýýýýýýýýýýýýýýýýýýýýý,ýýýýýýýýýýýýýýýýýýýýý,,https://ckhope.github.io/favicon.ico,FALSE,GVDCT,{},2023-06-14T17:03:12.338Z,2023-06-14T17:03:12.338Z,,,https://pxl.to/lqh8bon
pxl.to/t7n1eto,https://ckhope.github.io/videoct/ctha/140623/l/g/c/linkpHBtQiwwsVSVdeVxxx11.html,0,ýýýýýýýýýýýýýýýýýýýýý,ýýýýýýýýýýýýýýýýýýýýý,,https://ckhope.github.io/favicon.ico,FALSE,GVDCT,{},2023-06-14T17:02:56.936Z,2023-06-14T17:02:56.936Z,,,https://pxl.to/t7n1eto
pxl.to/iv2atk,https://ckhope.github.io/videoct/ctbh/140623/r/n/c/linktqDUpFujXDIwNypxxx11.html,0,ýýýýýýýýýýýýýýýýýýýýý,ýýýýýýýýýýýýýýýýýýýýý,,https://ckhope.github.io/favicon.ico,FALSE,GVDCT,{},2023-06-14T17:02:46.137Z,2023-06-14T17:02:46.137Z,,,https://pxl.to/iv2atk
pxl.to/c81inbb,https://ckhope.github.io/videoct/ctbh/140623/o/m/b/linkUgRjxjRISzpOTKzxxx11.html,0,ýýýýýýýýýýýýýýýýýýýýý,ýýýýýýýýýýýýýýýýýýýýý,,https://ckhope.github.io/favicon.ico,FALSE,GVDCT,{},2023-06-14T17:02:36.507Z,2023-06-14T17:02:36.507Z,,,https://pxl.to/c81inbb
pxl.to/f9qbxrl,https://ckhope.github.io/videoct/ctbh/140623/m/r/y/linkGNRnpyaHXwiWEyCxxx11.html,0,ýýýýýýýýýýýýýýýýýýýýý,ýýýýýýýýýýýýýýýýýýýýý,,https://ckhope.github.io/favicon.ico,FALSE,GVDCT,{},2023-06-14T17:02:21.663Z,2023-06-14T17:02:21.663Z,,,https://pxl.to/f9qbxrl
pxl.to/ims8ll1,https://ckhope.github.io/videoct/9b/140623/u/e/d/linkmOBlSYFqyFbRPSkxxx11.html,0,ýýýýýýýýýýýýýýýýýýýýý,ýýýýýýýýýýýýýýýýýýýýý,,https://ckhope.github.io/favicon.ico,FALSE,GVDCT,{},2023-06-14T17:02:12.265Z,2023-06-14T17:02:12.265Z,,,https://pxl.to/ims8ll1
pxl.to/78igny9,https://ckhope.github.io/videoct/9b/140623/l/y/s/linkdgbwuWOHauflEAvxxx11.html,0,ýýýýýýýýýýýýýýýýýýýýý,ýýýýýýýýýýýýýýýýýýýýý,,https://ckhope.github.io/favicon.ico,FALSE,GVDCT,{},2023-06-14T17:02:02.997Z,2023-06-14T17:02:02.997Z,,,https://pxl.to/78igny9
pxl.to/6nbf6ml,https://ckhope.github.io/videoct/9b/140623/k/y/c/linkOYLlugUPARaxQjDxxx11.html,0,ýýýýýýýýýýýýýýýýýýýýý,ýýýýýýýýýýýýýýýýýýýýý,,https://ckhope.github.io/favicon.ico,FALSE,GVDCT,{},2023-06-14T17:01:45.104Z,2023-06-14T17:01:45.104Z,,,https://pxl.to/6nbf6ml
