,destination,source,title,description,image,favicon
0,https://ckhope.github.io/videoct/9b/110623/p/i/m/linkdgbIipXYmqCIoFlxxx11.html,pxl.to/9b1106231GVD,请稍等。在爬墙,请稍等。在爬墙,https://www.pxl.to/images/brand/tiny.png,https://www.pxl.to/favicon.ico
1,https://ckhope.github.io/videoct/9b/110623/q/e/x/linkCWnRUmUoeZClfIDxxx11.html,pxl.to/9b1106231GVD,请稍等。在爬墙,请稍等。在爬墙,https://www.pxl.to/images/brand/tiny.png,https://www.pxl.to/favicon.ico
2,https://ckhope.github.io/videoct/9b/110623/r/d/d/linkAApJTWsfitjXgQxxxx11.html,pxl.to/9bh1106231GVD,请稍等。在爬墙,请稍等。在爬墙,https://www.pxl.to/images/brand/tiny.png,https://www.pxl.to/favicon.ico
3,https://ckhope.github.io/videoct/ctbh/110623/i/q/v/linkJrxyIbYWUoCGnVxxxx11.html,pxl.to/ctbh1106231GVD,请稍等。在爬墙,请稍等。在爬墙,https://www.pxl.to/images/brand/tiny.png,https://www.pxl.to/favicon.ico
4,https://ckhope.github.io/videoct/ctbh/110623/w/h/j/linkbgNipxHqFJokZhIxxx11.html,pxl.to/ctbh1106232GVD,请稍等。在爬墙,请稍等。在爬墙,https://www.pxl.to/images/brand/tiny.png,https://www.pxl.to/favicon.ico
5,https://ckhope.github.io/videoct/ctbh/110623/z/h/h/linkFHwZWdUBHzTIxJKxxx11.html,pxl.to/ctbh1106233GVD,请稍等。在爬墙,请稍等。在爬墙,https://www.pxl.to/images/brand/tiny.png,https://www.pxl.to/favicon.ico
6,https://ckhope.github.io/videoct/ctha/110623/c/l/s/linkQqcIKCPDQRCLEUgxxx11.html,pxl.to/ctha1106231GVD,请稍等。在爬墙,请稍等。在爬墙,https://www.pxl.to/images/brand/tiny.png,https://www.pxl.to/favicon.ico
7,https://ckhope.github.io/videoct/ctha/110623/t/b/u/linkgzDAouzEWDNccXmxxx11.html,pxl.to/ctha1106232GVD,请稍等。在爬墙,请稍等。在爬墙,https://www.pxl.to/images/brand/tiny.png,https://www.pxl.to/favicon.ico
8,https://ckhope.github.io/videoct/ctha/110623/x/s/u/linkgpCWdMcAkJhwyknxxx11.html,pxl.to/ctha1106233GVD,请稍等。在爬墙,请稍等。在爬墙,https://www.pxl.to/images/brand/tiny.png,https://www.pxl.to/favicon.ico
9,https://ckhope.github.io/videoct/ctth/110623/i/p/y/linkEqkcFuHRtCRiNWGxxx11.html,pxl.to/ctth1106231GVD,请稍等。在爬墙,请稍等。在爬墙,https://www.pxl.to/images/brand/tiny.png,https://www.pxl.to/favicon.ico
10,https://ckhope.github.io/videoct/ctth/110623/t/b/b/linklaQeXEaWuYbNZhlxxx11.html,pxl.to/ctth1106232GVD,请稍等。在爬墙,请稍等。在爬墙,https://www.pxl.to/images/brand/tiny.png,https://www.pxl.to/favicon.ico
11,https://ckhope.github.io/videoct/ctth/110623/y/k/r/linkCkMgXoezunlVLJFxxx11.html,pxl.to/ctth1106233GVD,请稍等。在爬墙,请稍等。在爬墙,https://www.pxl.to/images/brand/tiny.png,https://www.pxl.to/favicon.ico
12,https://ckhope.github.io/videoct/kt1/110623/n/t/g/linkyCGTEtFjVyyZRpixxx11.html,pxl.to/kt11106231GVD,请稍等。在爬墙,请稍等。在爬墙,https://www.pxl.to/images/brand/tiny.png,https://www.pxl.to/favicon.ico
13,https://ckhope.github.io/videoct/kt1/110623/o/l/b/linkRUxLmlONbdsbCTExxx11.html,pxl.to/kt11106232GVD,请稍等。在爬墙,请稍等。在爬墙,https://www.pxl.to/images/brand/tiny.png,https://www.pxl.to/favicon.ico
14,https://ckhope.github.io/videoct/kt1/110623/u/b/b/linkJpWVfNtYqFpSZqYxxx11.html,pxl.to/kt11106233GVD,请稍等。在爬墙,请稍等。在爬墙,https://www.pxl.to/images/brand/tiny.png,https://www.pxl.to/favicon.ico
